{
  "version": 1,
  "author": "Shashwat Shukla",
  "editor": "wokwi",
  "parts": [
    { "type": "board-esp32-devkit-c-v4", "id": "esp", "top": 134.4, "left": -81.56, "attrs": {} },
    {
      "type": "wokwi-lcd1602",
      "id": "lcd1",
      "top": -41.6,
      "left": 5.6,
      "attrs": { "pins": "i2c" }
    }
  ],
  "connections": [
    [ "esp:TX", "$serialMonitor:RX", "", [] ],
    [ "esp:RX", "$serialMonitor:TX", "", [] ],
    [ "lcd1:VCC", "esp:3V3", "red", [ "h-144", "v0.1" ] ],
    [ "lcd1:GND", "esp:GND.1", "black", [ "h-172.8", "v297.6" ] ],
    [ "lcd1:SDA", "esp:21", "green", [ "h-28.8", "v105.8", "h76.8", "v96", "h-19.2" ] ],
    [ "lcd1:SCL", "esp:22", "blue", [ "h-9.6", "v86.7", "h67.2", "v76.8" ] ]
  ],
  "dependencies": {}
}