{
  "version": 1,
  "author": "Shashwat Shukla",
  "editor": "wokwi",
  "parts": [
    { "type": "board-esp32-devkit-c-v4", "id": "esp", "top": 28.8, "left": -100.76, "attrs": {} },
    {
      "type": "wokwi-lcd1602",
      "id": "lcd1",
      "top": -22.4,
      "left": 34.4,
      "attrs": { "pins": "i2c" }
    }
  ],
  "connections": [
    [ "esp:TX", "$serialMonitor:RX", "", [] ],
    [ "esp:RX", "$serialMonitor:TX", "", [] ],
    [ "lcd1:GND", "esp:GND.1", "black", [ "h-182.4", "v172.8" ] ],
    [ "lcd1:VCC", "esp:3V3", "red", [ "h-172.8", "v38.5" ] ],
    [ "lcd1:SDA", "esp:21", "green", [ "h-19.2", "v77" ] ],
    [ "lcd1:SCL", "esp:22", "blue", [ "h-9.6", "v38.7" ] ]
  ],
  "dependencies": {}
}